0,1,find_path
CN_Data_analytics.md,Top51BSAAs.png,
CN_clinical.md,ct_biologics.csv,
CN_clinical.md,ct_vaccine.csv,
CN_computational.md,AKD_ViralMix.xlsx,
CN_computational.md,globalvirus_top200.csv,
CN_computational.md,globalvirus_topclusters.csv,
CN_computational.md,AKD_ViralPhe.xlsx,
CN_computational.md,AntivirusPhe_top200.csv,
CN_computational.md,AntivirusPhe_topclusters.csv,
CN_computational.md,AKD_RdRP.xlsx,
CN_computational.md,RDRP_top200.csv,
CN_computational.md,RDRP_topclusters.csv,
CN_computational.md,AKD_helicase.xlsx,
CN_computational.md,helicase_top200.csv,
CN_computational.md,helicase_topclusters.csv,
CN_computational.md,AKD_3CL.xlsx,
CN_computational.md,3CL_top200.csv,
CN_computational.md,3CL_topclusters.csv,
CN_computational.md,rdrp_stock_top200_2.csv,
CN_computational.md,rdrp_stock_clusters_2.csv,
CN_computational.md,helicase_stock_top200_2.csv,
CN_computational.md,helicase_stock_clusters_2.csv,
CN_computational.md,3cl_stock_top200_2.csv,
CN_computational.md,3cl_stock_clusters_2.csv,
CN_computational.md,plpro_stock_top200_2.csv,
CN_computational.md,plpro_stock_clusters_2.csv,
CN_computational.md,TMPRSS2_stock_top200_2.csv,
CN_computational.md,TMPRSS2_stock_clusters_2.csv,
CN_computational.md,vina_dock_all_drugbank515.csv,
CN_computational.md,docking.jpeg,
CN_contact_us.md,contact1.png,
CN_contact_us.md,contact2.png,
CN_contact_us.md,contact3.png,
CN_nCov_Structures.md,2019nCoV_Spike_Protein_2020-01-24.zip,/data01/ghddi_public/AIDD/AIDD_DATA/server_files/file/2019nCoV_Spike_Protein_2020-01-24.zip
CN_nCov_Structures.md,wuhan_ace2_min.pdb,/data01/ghddi_public/AIDD/AIDD_DATA/server_files/file/wuhan_ace2_min.pdb
CN_nCov_Structures.md,wuhan_ace2_MD.pdb,/data01/ghddi_public/AIDD/AIDD_DATA/server_files/file/wuhan_ace2_MD.pdb
CN_nCov_Structures.md,2019nCoV_Spike_ACE2_cartoon.png,/data01/ghddi_public/AIDD/AIDD_DATA/server_files/file/2019nCoV_Spike_ACE2_cartoon.png
CN_nCov_Structures.md,2019nCoV_E_protein_2020-01-23.zip,/data01/ghddi_public/AIDD/AIDD_DATA/server_files/file/2019nCoV_E_protein_2020-01-23.zip
CN_nCov_Structures.md,Eprotein.png,/data01/ghddi_public/AIDD/AIDD_DATA/server_files/file/Eprotein.png
CN_nCov_Structures.md,2019nCoV_N_Protein_2020-01-22.zip,/data01/ghddi_public/AIDD/AIDD_DATA/server_files/file/2019nCoV_N_Protein_2020-01-22.zip
CN_nCov_Structures.md,2019nCoV_Replicase_polyprotein_1ab_2020-01-31.zip,/data01/ghddi_public/AIDD/AIDD_DATA/server_files/file/2019nCoV_Replicase_polyprotein_1ab_2020-01-31.zip
CN_nCov_Structures.md,replicase.png,/data01/ghddi_public/AIDD/AIDD_DATA/server_files/file/replicase.png
CN_nCov_Structures.md,2019nCoV_Mprotease_2020-01-25.zip,/data01/ghddi_public/AIDD/AIDD_DATA/server_files/file/2019nCoV_Mprotease_2020-01-25.zip
CN_nCov_Structures.md,wuhan_mpro_minimized.pdb,/data01/ghddi_public/AIDD/AIDD_DATA/server_files/file/wuhan_mpro_minimized.pdb
CN_nCov_Structures.md,nCov_Mpro_dimer_2.4ns_MD.pdb,/data01/ghddi_public/AIDD/AIDD_DATA/server_files/file/nCov_Mpro_dimer_2.4ns_MD.pdb
CN_nCov_Structures.md,2019nCoV_3CLProtease.png,/data01/ghddi_public/AIDD/AIDD_DATA/server_files/file/2019nCoV_3CLProtease.png
CN_nCov_Structures.md,2019nCoV_NSP12_polymerase_2020-01-31.zip,/data01/ghddi_public/AIDD/AIDD_DATA/server_files/file/2019nCoV_NSP12_polymerase_2020-01-31.zip
CN_nCov_Structures.md,2019nCoV_RdRP.png,/data01/ghddi_public/AIDD/AIDD_DATA/server_files/file/2019nCoV_RdRP.png
CN_nCov_Structures.md,2019nCoV_RDRP_min.pdb,/data01/ghddi_public/AIDD/AIDD_DATA/server_files/file/2019nCoV_RDRP_min.pdb
CN_nCov_Structures.md,2019nCoV_RDRP_w_i_MD.pdb,/data01/ghddi_public/AIDD/AIDD_DATA/server_files/file/2019nCoV_RDRP_w_i_MD.pdb
CN_nCov_Structures.md,2019nCoV_Helicase_2020-01-31.zip,/data01/ghddi_public/AIDD/AIDD_DATA/server_files/file/2019nCoV_Helicase_2020-01-31.zip
CN_nCov_Structures.md,Helicase.png,/data01/ghddi_public/AIDD/AIDD_DATA/server_files/file/Helicase.png
CN_nCov_Structures.md,2019nCoV_Polyprotein1ab_2020-01-31.zip,/data01/ghddi_public/AIDD/AIDD_DATA/server_files/file/2019nCoV_Polyprotein1ab_2020-01-31.zip
CN_nCov_Structures.md,Polyprotein1ab.png,/data01/ghddi_public/AIDD/AIDD_DATA/server_files/file/Polyprotein1ab.png
CN_nCov_Structures.md,2019nCoV_Uridylate-specific_endoribonuclease_2020-01-31.zip,/data01/ghddi_public/AIDD/AIDD_DATA/server_files/file/2019nCoV_Uridylate-specific_endoribonuclease_2020-01-31.zip
CN_nCov_Structures.md,Uprotein.png,/data01/ghddi_public/AIDD/AIDD_DATA/server_files/file/Uprotein.png
CN_nCov_Structures.md,2019nCoV_2-O-methyl_transferase_2020-01-31.zip,/data01/ghddi_public/AIDD/AIDD_DATA/server_files/file/2019nCoV_2-O-methyl_transferase_2020-01-31.zip
CN_nCov_Structures.md,transferase.png,/data01/ghddi_public/AIDD/AIDD_DATA/server_files/file/transferase.png
CN_nCov_Targets.md,Corona_human_interaction.csv,
CN_review_paper.md,ASystemsApproachToInfectiousDisease.pdf,/data01/ghddi_public/AIDD/AIDD_DATA/server_files/file/ASystemsApproachToInfectiousDisease.pdf
CN_review_paper.md,file_camoflageandinterception.pdf,
CN_review_paper.md,HostFactorsinCoronavirusReplication.pdf,
CN_review_paper.md,file_cddato.pdf,/data01/ghddi_public/AIDD/AIDD_DATA/server_files/file/file_cddato.pdf
CN_review_paper.md,file_cbasacdcsbsi.pdf,/data01/ghddi_public/AIDD/AIDD_DATA/server_files/file/file_cbasacdcsbsi.pdf
CN_review_paper.md,file_sarsmers.pdf,/data01/ghddi_public/AIDD/AIDD_DATA/server_files/file/file_sarsmers.pdf
CN_review_paper.md,file_sarscap.pdf,/data01/ghddi_public/AIDD/AIDD_DATA/server_files/file/file_sarscap.pdf
CN_review_paper.md,file_sbdnace2i.pdf,/data01/ghddi_public/AIDD/AIDD_DATA/server_files/file/file_sbdnace2i.pdf
Data_analytics.md,Top51BSAAs.png,
clinical.md,ct_biologics.csv,
clinical.md,ct_vaccine.csv,
computational.md,AKD_ViralMix.xlsx,
computational.md,globalvirus_top200.csv,
computational.md,globalvirus_topclusters.csv,
computational.md,AKD_ViralPhe.xlsx,
computational.md,AntivirusPhe_top200.csv,
computational.md,AntivirusPhe_topclusters.csv,
computational.md,AKD_RdRP.xlsx,
computational.md,RDRP_top200.csv,
computational.md,RDRP_topclusters.csv,
computational.md,AKD_helicase.xlsx,
computational.md,helicase_top200.csv,
computational.md,helicase_topclusters.csv,
computational.md,AKD_3CL.xlsx,
computational.md,3CL_top200.csv,
computational.md,3CL_topclusters.csv,
computational.md,rdrp_stock_top200_2.csv,
computational.md,rdrp_stock_clusters_2.csv,
computational.md,helicase_stock_top200_2.csv,
computational.md,helicase_stock_clusters_2.csv,
computational.md,3cl_stock_top200_2.csv,
computational.md,3cl_stock_clusters_2.csv,
computational.md,plpro_stock_top200_2.csv,
computational.md,plpro_stock_clusters_2.csv,
computational.md,TMPRSS2_stock_top200_2.csv,
computational.md,TMPRSS2_stock_clusters_2.csv,
computational.md,vina_dock_all_drugbank515.csv,
computational.md,docking.jpeg,
contact_us.md,contact1.png,
contact_us.md,contact2.png,
contact_us.md,contact3.png,
nCov_Structures.md,2019nCoV_Spike_Protein_2020-01-24.zip,/data01/ghddi_public/AIDD/AIDD_DATA/server_files/file/2019nCoV_Spike_Protein_2020-01-24.zip
nCov_Structures.md,wuhan_ace2_min.pdb,/data01/ghddi_public/AIDD/AIDD_DATA/server_files/file/wuhan_ace2_min.pdb
nCov_Structures.md,wuhan_ace2_MD.pdb,/data01/ghddi_public/AIDD/AIDD_DATA/server_files/file/wuhan_ace2_MD.pdb
nCov_Structures.md,2019nCoV_Spike_ACE2_cartoon.png,/data01/ghddi_public/AIDD/AIDD_DATA/server_files/file/2019nCoV_Spike_ACE2_cartoon.png
nCov_Structures.md,2019nCoV_E_protein_2020-01-23.zip,/data01/ghddi_public/AIDD/AIDD_DATA/server_files/file/2019nCoV_E_protein_2020-01-23.zip
nCov_Structures.md,Eprotein.png,/data01/ghddi_public/AIDD/AIDD_DATA/server_files/file/Eprotein.png
nCov_Structures.md,2019nCoV_N_Protein_2020-01-22.zip,/data01/ghddi_public/AIDD/AIDD_DATA/server_files/file/2019nCoV_N_Protein_2020-01-22.zip
nCov_Structures.md,2019nCoV_Replicase_polyprotein_1ab_2020-01-31.zip,/data01/ghddi_public/AIDD/AIDD_DATA/server_files/file/2019nCoV_Replicase_polyprotein_1ab_2020-01-31.zip
nCov_Structures.md,replicase.png,/data01/ghddi_public/AIDD/AIDD_DATA/server_files/file/replicase.png
nCov_Structures.md,2019nCoV_Mprotease_2020-01-25.zip,/data01/ghddi_public/AIDD/AIDD_DATA/server_files/file/2019nCoV_Mprotease_2020-01-25.zip
nCov_Structures.md,wuhan_mpro_minimized.pdb,/data01/ghddi_public/AIDD/AIDD_DATA/server_files/file/wuhan_mpro_minimized.pdb
nCov_Structures.md,nCov_Mpro_dimer_2.4ns_MD.pdb,/data01/ghddi_public/AIDD/AIDD_DATA/server_files/file/nCov_Mpro_dimer_2.4ns_MD.pdb
nCov_Structures.md,2019nCoV_3CLProtease.png,/data01/ghddi_public/AIDD/AIDD_DATA/server_files/file/2019nCoV_3CLProtease.png
nCov_Structures.md,2019nCoV_NSP12_polymerase_2020-01-31.zip,/data01/ghddi_public/AIDD/AIDD_DATA/server_files/file/2019nCoV_NSP12_polymerase_2020-01-31.zip
nCov_Structures.md,2019nCoV_RdRP.png,/data01/ghddi_public/AIDD/AIDD_DATA/server_files/file/2019nCoV_RdRP.png
nCov_Structures.md,2019nCoV_RDRP_min.pdb,/data01/ghddi_public/AIDD/AIDD_DATA/server_files/file/2019nCoV_RDRP_min.pdb
nCov_Structures.md,2019nCoV_RDRP_w_i_MD.pdb,/data01/ghddi_public/AIDD/AIDD_DATA/server_files/file/2019nCoV_RDRP_w_i_MD.pdb
nCov_Structures.md,2019nCoV_Helicase_2020-01-31.zip,/data01/ghddi_public/AIDD/AIDD_DATA/server_files/file/2019nCoV_Helicase_2020-01-31.zip
nCov_Structures.md,Helicase.png,/data01/ghddi_public/AIDD/AIDD_DATA/server_files/file/Helicase.png
nCov_Structures.md,2019nCoV_Polyprotein1ab_2020-01-31.zip,/data01/ghddi_public/AIDD/AIDD_DATA/server_files/file/2019nCoV_Polyprotein1ab_2020-01-31.zip
nCov_Structures.md,Polyprotein1ab.png,/data01/ghddi_public/AIDD/AIDD_DATA/server_files/file/Polyprotein1ab.png
nCov_Structures.md,2019nCoV_Uridylate-specific_endoribonuclease_2020-01-31.zip,/data01/ghddi_public/AIDD/AIDD_DATA/server_files/file/2019nCoV_Uridylate-specific_endoribonuclease_2020-01-31.zip
nCov_Structures.md,Uprotein.png,/data01/ghddi_public/AIDD/AIDD_DATA/server_files/file/Uprotein.png
nCov_Structures.md,2019nCoV_2-O-methyl_transferase_2020-01-31.zip,/data01/ghddi_public/AIDD/AIDD_DATA/server_files/file/2019nCoV_2-O-methyl_transferase_2020-01-31.zip
nCov_Structures.md,transferase.png,/data01/ghddi_public/AIDD/AIDD_DATA/server_files/file/transferase.png
nCov_Targets.md,Corona_human_interaction.csv,
review_paper.md,ASystemsApproachToInfectiousDisease.pdf,/data01/ghddi_public/AIDD/AIDD_DATA/server_files/file/ASystemsApproachToInfectiousDisease.pdf
review_paper.md,file_camoflageandinterception.pdf,
review_paper.md,HostFactorsinCoronavirusReplication.pdf,
review_paper.md,file_cddato.pdf,/data01/ghddi_public/AIDD/AIDD_DATA/server_files/file/file_cddato.pdf
review_paper.md,file_cbasacdcsbsi.pdf,/data01/ghddi_public/AIDD/AIDD_DATA/server_files/file/file_cbasacdcsbsi.pdf
review_paper.md,file_sarsmers.pdf,/data01/ghddi_public/AIDD/AIDD_DATA/server_files/file/file_sarsmers.pdf
review_paper.md,file_sarscap.pdf,/data01/ghddi_public/AIDD/AIDD_DATA/server_files/file/file_sarscap.pdf
review_paper.md,file_sbdnace2i.pdf,/data01/ghddi_public/AIDD/AIDD_DATA/server_files/file/file_sbdnace2i.pdf
useful_links.md,file_Who-translation.pdf,
useful_links.md,Chinese_COVID19_diagnosis_and_treatment_plan_v7.pdf,
